"ID","Trabajador","Sexo","Delegacion...Municipio","Empresa"
"1","BT0002","Hombre","NAULCALPANDEJUAREZ","Bursatec"
"2","BT0009","Hombre","MAGDALENACONTRERAS","Bursatec"
"3","BT0014","Hombre","CUAUHTEMOC","Bursatec"
"4","BT0016","Hombre","GUSTAVOA.MADERO","Bursatec"
"5","BT0019","Mujer","ALVAROOBREGON","Bursatec"
"6","BT0020","Hombre","CORREGIDORA","Bursatec"
"7","BT0022","Hombre","ATIZAPANDEZARAGOZA","Bursatec"
"8","BT0027","Mujer","NAUCALPAN","Bursatec"
"9","BT0041","Hombre","EDO.DEMEXICO","Bursatec"
"10","BT0043","Hombre","MEXICO","Bursatec"
"11","BT0051","Hombre","VENUSTIANOCARRANZA","Bursatec"
"12","BT0055","Hombre","ATIZAPANDEZARAGOZA","Bursatec"
"13","BT0059","Mujer","AZCAPOTZALCO","Bursatec"
"14","BT0060","Hombre","XOCHIMILCO","Bursatec"
"15","BT0070","Hombre","NULL","Bursatec"
"16","BT0089","Hombre","TLALNEPANTLA","Bursatec"
"17","BT0093","Mujer","TLALNEPANTLA","Bursatec"
"18","BT0099","Hombre","CHALCO","Bursatec"
"19","BT0101","Hombre","IZTACALCO","Bursatec"
"20","BT0105","Hombre","CUAUHTEMOC","Bursatec"
"21","BT0106","Hombre","NEZAHUALCOYOTL","Bursatec"
"22","BT0119","Hombre","TULTITLAN","Bursatec"
"23","BT0136","Hombre","PACHUCA","Bursatec"
"24","BT0139","Hombre","PACHUCA","Bursatec"
"25","BT0140","Hombre","VILLASDELALAMO","Bursatec"
"26","BT0141","Hombre","NAUCALPAN","Bursatec"
"27","BT0144","Hombre","ECATEPEC","Bursatec"
"28","BT0152","Mujer","PACHUCA","Bursatec"
"29","BT0173","Mujer","ACAYUCA,ZAPOTLANDEJUAREZ","Bursatec"
"30","BT0182","Mujer","PACHUCA,HGO.","Bursatec"
"31","BT0184","Hombre","PACHUCA,HGO.","Bursatec"
"32","BT0194","Hombre","PACHUCA","Bursatec"
"33","BT0197","Hombre","AZCAPOTZALCO","Bursatec"
"34","BT0200","Hombre","TLAHUAC","Bursatec"
"35","BT0201","Mujer","MIGUELHIDALGO","Bursatec"
"36","BT0203","Hombre","NAUCALPAN","Bursatec"
"37","BT0216","Hombre","ATOTONILCOELGRANDE","Bursatec"
"38","BT0217","Hombre","MIXQUIAHUALADEJUAREZ","Bursatec"
"39","BT0222","Hombre","MINERALDELAREFORMA","Bursatec"
"40","BT0231","Hombre","BENITOJUAREZ","Bursatec"
"41","BT0237","Hombre","PACHUCA","Bursatec"
"42","BT0247","Mujer","PACHUCADESOTO","Bursatec"
"43","BT0249","Mujer","MINERALDELAREFORMA","Bursatec"
"44","BT0250","Hombre","SANAGUSTIN","Bursatec"
"45","BT0261","Mujer","ACTOPAN","Bursatec"
"46","BT0266","Mujer","PACHUCADESOTO","Bursatec"
"47","BT0279","Hombre","IXMIQUILPAN","Bursatec"
"48","BT0283","Hombre","PACHUCA","Bursatec"
"49","BT0285","Mujer","MINERALDELAREFORMA","Bursatec"
"50","BT0301","Hombre","PACHUCA","Bursatec"
"51","BT0310","Mujer","GUSTAVOAMADERO","Bursatec"
"52","BT0314","Hombre","ALVAROOBREGON","Bursatec"
"53","BT0320","Mujer","PACHUCA","Bursatec"
"54","BT0321","Mujer","IXMIQUILPAN","Bursatec"
"55","BT0322","Mujer","CHILCUAUTLA","Bursatec"
"56","BT0323","Mujer","PACHUCA","Bursatec"
"57","BT0324","Hombre","PACHUCA","Bursatec"
"58","BT0325","Hombre","PACHUCA","Bursatec"
"59","BT0327","Hombre","PACHUCA","Bursatec"
"60","BT0329","Mujer","GUSTAVOAMEDERO","Bursatec"
"61","BT0333","Hombre","PACHUCA","Bursatec"
"62","BT0338","Hombre","ALVAROOBREGON","Bursatec"
"63","BT0339","Mujer","ATIZAPANDEZARAGOZA","Bursatec"
"64","BT0340","Hombre","IZTAPALAPA","Bursatec"
"65","BT0342","Hombre","AZCAPOTZALCO","Bursatec"
"66","BT0343","Hombre","ALVAROOBREGON","Bursatec"
"67","BT0344","Mujer","NEZAHUALCOYOTL","Bursatec"
"68","BT0345","Hombre","MIGUELHIDALGO","Bursatec"
"69","BT0353","Mujer","SANAGUSTIN","Bursatec"
"70","BT0356","Hombre","FRACC.LACRUZPACHUCA","Bursatec"
"71","BT0358","Hombre","PACHUCA","Bursatec"
"72","BT0359","Mujer","GUSTAVOAMADERO","Bursatec"
"73","BT0366","Hombre","IZTAPALAPA","Bursatec"
"74","BT0367","Mujer","PACHUCA","Bursatec"
"75","BT0368","Hombre","TLANEPANTLA","Bursatec"
"76","BT0371","Hombre","CUAJIMALPA","Bursatec"
"77","BT0373","Mujer","PACHUCA","Bursatec"
"78","BT0377","Hombre","ALVAROOBREGON","Bursatec"
"79","BT0380","Hombre","PACHUCA","Bursatec"
"80","BT0382","Hombre","IXTAPALUCA","Bursatec"
"81","BT0384","Hombre","BENITOJUAREZ","Bursatec"
"82","BT0385","Hombre","GUSTAVOAMADERO","Bursatec"
"83","BT0388","Hombre","ALVAROOBREGON","Bursatec"
"84","BT0392","Hombre","GUSTAVOAMADERO","Bursatec"
"85","BT0394","Hombre","NULL","Bursatec"
"86","BT0396","Mujer","ECATEPECDEMORELOS","Bursatec"
"87","BT0400","Hombre","NEZAHUALCOYOTL","Bursatec"
"88","BT0402","Hombre","SANMATEOATENCO","Bursatec"
"89","BT0404","Mujer","GUSTAVOAMADERO","Bursatec"
"90","BT0411","Hombre","TLALNEPANTLA","Bursatec"
"91","BT0415","Hombre","IZTAPALAPA","Bursatec"
"92","BT0416","Hombre","IZTACALCO","Bursatec"
"93","BT0420","Hombre","NICOLASROMERO","Bursatec"
"94","BT0421","Mujer","PACHUCA","Bursatec"
"95","BT0422","Hombre","ZEMPOALA","Bursatec"
"96","BT0424","Hombre","ALVAROOBREGON","Bursatec"
"97","BT0425","Mujer","CUAUTITLANIZCALLI","Bursatec"
"98","BT0429","Hombre","IZTAPALAPA","Bursatec"
"99","BT0430","Hombre","TLALPAN","Bursatec"
"100","BT0432","Hombre","CUAUHTEMOC","Bursatec"
"101","BT0433","Hombre","CUAUHTEMOC","Bursatec"
"102","BT0436","Hombre","NAUCALPAN","Bursatec"
"103","BT0437","Hombre","CUAUHTEMOC","Bursatec"
"104","BT0438","Mujer","PACHUCA","Bursatec"
"105","BT0440","Hombre","GUSTAVOAMADERO","Bursatec"
"106","BT0441","Mujer","ACTOPAN","Bursatec"
"107","BT0442","Mujer","CUAUHTEMOC","Bursatec"
"108","BT0443","Mujer","CDNEZAHUALCOYOTL","Bursatec"
"109","BT0444","Hombre","CUAUHTEMOC","Bursatec"
"110","BT0446","Mujer","NAUCALPANDEJUAREZ","Bursatec"
"111","BT0448","Hombre","NAUCALPAN","Bursatec"
"112","BT0449","Hombre","TLALPAN","Bursatec"
"113","BT0451","Hombre","ATIZAPANZARAGOZA","Bursatec"
"114","BT0453","Mujer","MIXQUIAHUALA","Bursatec"
"115","BT0455","Mujer","GUSTAVOAMADERO","Bursatec"
"116","BT0458","Hombre","GUSTAVOAMADERO","Bursatec"
"117","BT0459","Hombre","TECAMAC","Bursatec"
"118","BT0462","Hombre","ECATEPECDEMORELOS","Bursatec"
"119","BT0463","Hombre","NEZAHUALCOYOTL","Bursatec"
"120","BT0464","Hombre","CUAHUTEMOC","Bursatec"
"121","BT0466","Mujer","MINERALDELAREFORMA","Bursatec"
"122","BT0468","Mujer","IZTAPALAPA","Bursatec"
"123","BT0478","Hombre","AZCAPOTZALCO","Bursatec"
"124","BT0482","Hombre","COYOACAN","Bursatec"
"125","BT0483","Mujer","CUAUHTEMOC","Bursatec"
"126","BT0487","Hombre","GUSTAVOAMADERO","Bursatec"
"127","BT0488","Hombre","TLALNEPANTLA","Bursatec"
"128","BT0490","Hombre","ECATEPEC","Bursatec"
"129","BT0491","Hombre","BENITOJUAREZ","Bursatec"
"130","BT0492","Hombre","NAUCALPAN","Bursatec"
"131","BT0493","Hombre","AZCAPOTZALCO","Bursatec"
"132","BT0496","Mujer","IZTACALCO","Bursatec"
"133","BT0498","Hombre","TLAHUAC","Bursatec"
"134","BT0501","Hombre","COYOACAN","Bursatec"
"135","BT0502","Mujer","SANMATEOCHIPILTEPEC","Bursatec"
"136","BT0504","Hombre","IZTAPALAPA","Bursatec"
"137","BT0505","Mujer","PACHUCA","Bursatec"
"138","BT0507","Hombre","ECATEPECDEMORELOS","Bursatec"
"139","BT0512","Hombre","ECATEPEC","Bursatec"
"140","BT0513","Hombre","IZTAPALAPA","Bursatec"
"141","BT0514","Hombre","TULTITLAN","Bursatec"
"142","BT0516","Hombre","IZTAPALAPA","Bursatec"
"143","BT0518","Hombre","VENUSTIANOCARRANZA","Bursatec"
"144","BT0519","Hombre","ALVAROOBREGON","Bursatec"
"145","BT0521","Hombre","ALVAROOBREGON","Bursatec"
"146","BT0522","Hombre","PACHUCADESOTO","Bursatec"
"147","BT0523","Mujer","SANAGUSTINTLAXIACA","Bursatec"
"148","BT0524","Hombre","PACHUCA","Bursatec"
"149","BT0525","Hombre","MINERALDELAREFORMA","Bursatec"
"150","BT0527","Mujer","NEZAHUALCOYOTL","Bursatec"
"151","BT0528","Hombre","NEZAHUALCOYOTL","Bursatec"
"152","BT0529","Mujer","PACHUCA","Bursatec"
"153","BT0530","Mujer","MIGUELHIDALGO","Bursatec"
"154","BT0532","Hombre","ECATEPECDEMORELOS","Bursatec"
"155","BT0535","Mujer","BENITOJUAREZ","Bursatec"
"156","BT0536","Mujer","PACHUCA","Bursatec"
"157","BT0537","Mujer","IXMIQUILPAN","Bursatec"
"158","BT0538","Mujer","TEPEAPULCO","Bursatec"
"159","BT0539","Hombre","COYOACAN","Bursatec"
"160","BT0540","Hombre","CUAJIMALPA","Bursatec"
"161","BT0541","Hombre","ALVAROOBREGON","Bursatec"
"162","BT0542","Hombre","CUAUTLA","Bursatec"
"163","BT0543","Hombre","BENITOJUAREZ","Bursatec"
"164","BT0544","Hombre","CUAUTITLANIZCALLI","Bursatec"
"165","BT0546","Hombre","TLALNEPANTLA","Bursatec"
"166","BT0547","Hombre","GUSTAVOA.MADERO","Bursatec"
"167","BT0550","Mujer","PACHUCA","Bursatec"
"168","BT0552","Hombre","ECATEPEC","Bursatec"
"169","BT0553","Hombre","MIGUELHIDALGO","Bursatec"
"170","BT0554","Mujer","IZTAPALAPA","Bursatec"
"171","BT0556","Hombre","MAGDALENACONTRERAS","Bursatec"
"172","BT0557","Hombre","MIGUELHIDALGO","Bursatec"
"173","BT0558","Mujer","ECATEPEC","Bursatec"
"174","BT0559","Hombre","IXTAPALUCA","Bursatec"
"175","BT0560","Hombre","COYOACAN","Bursatec"
"176","BT0561","Hombre","CUAUHTEMOC","Bursatec"
"177","BT0562","Hombre","MAGDALENACONTRERAS","Bursatec"
"178","BT0563","Hombre","GUSTAVOA.MADERO","Bursatec"
"179","BT0564","Hombre","MIGUELHIDALGO","Bursatec"
"180","BT0566","Mujer","CUAUHTEMOC","Bursatec"
"181","BT0567","Hombre","D.F.","Bursatec"
"182","BT0568","Hombre","ATZCAPOZALCO","Bursatec"
"183","BT0569","Hombre","GUSTAVOA.MADERO","Bursatec"
"184","BT0570","Hombre","LOSREYESLAPAZ","Bursatec"
"185","BT0571","Mujer","NEZAHUALCOYOTL","Bursatec"
"186","BT0572","Mujer","CUAUTITLANIZCALLI","Bursatec"
"187","BT0573","Hombre","GUSTAVOAMADERO","Bursatec"
"188","BT0574","Mujer","ECATEPEC","Bursatec"
"189","BT0575","Hombre","GUSTAVOAMADERO","Bursatec"
"190","BT0576","Mujer","GUSTAVOAMADERO","Bursatec"
"191","BT0577","Hombre","GUSTAVOAMADERO","Bursatec"
"192","BT0578","Hombre","CUAUTITLANIZCALLI","Bursatec"
"193","BT0579","Hombre","ECATEPEC","Bursatec"
"194","BT0580","Hombre","ECATEPEC","Bursatec"
"195","BT0582","Hombre","COYOACAN","Bursatec"
"196","BT0584","Hombre","CUAJIMALPA","Bursatec"
"197","BT0585","Hombre","IZTAPALAPA","Bursatec"
"198","BT0586","Hombre","MAGDALENACONTRERAS","Bursatec"
"199","BT0587","Mujer","CUAUTITLAN","Bursatec"
"200","BT0588","Hombre","COYOACAN","Bursatec"
"201","BT0590","Hombre","TIZAYUCA","Bursatec"
"202","BT0591","Hombre","BENITOJUAREZ","Bursatec"
"203","BT0592","Hombre","AZCAPOTZALCO","Bursatec"
"204","BT0593","Mujer","NEZAHUALCOYOTL","Bursatec"
"205","CM0002","Hombre","TLALPAN","CMMV"
"206","CM0005","Mujer","IZTACALCO","CMMV"
"207","CM0006","Hombre","ECATEPECDEMORELOS","CMMV"
"208","CM0007","Mujer","","CMMV"
"209","CM0008","Hombre","TLATELOLCO","CMMV"
"210","CM0009","Hombre","IZTACALCO","CMMV"
"211","CM0010","Hombre","ECATEPEC","CMMV"
"212","CM0011","Hombre","NAUCALPAN","CMMV"
"213","CM0012","Mujer","UNIDADLOMAHERMOSA","CMMV"
"214","CM0013","Hombre","ECATEPECDEMORELOS","CMMV"
"215","CM0014","Hombre","BENITOJUAREZ","CMMV"
"216","CM0015","Mujer","ALVAROOBREGON","CMMV"
"217","CM0017","Hombre","MAGDALENACONTRERAS","CMMV"
"218","CM0019","Mujer","AZCAPOTZALCO","CMMV"
"219","CM0020","Mujer","CUAUHTEMOC","CMMV"
"220","CM0021","Mujer","CUAUHTEMOC","CMMV"
"221","CM0022","Mujer","NEZAHUALCOYOTL","CMMV"
"222","CM0023","Mujer","CUAUHTEMOC","CMMV"
"223","CM0024","Mujer","AZCAPOTZALCO","CMMV"
"224","CM0025","Hombre","TLAHUAC","CMMV"
"225","CM0026","Hombre","COYOACAN","CMMV"
"226","CM0027","Hombre","TULTEPEC","CMMV"
"227","CM0028","Hombre","ALVAROOBREGON","CMMV"
"228","CM0031","Hombre","CUAUHTEMOC","CMMV"
"229","CM0032","Hombre","GUSTAVOA.MADERO","CMMV"
"230","CM0035","Mujer","NAUCALPANDEJUAREZ","CMMV"
"231","CM0038","Hombre","GUSTAVOA.MADERO","CMMV"
"232","CM0039","Hombre","GUSTAVOA.MADERO","CMMV"
"233","CM0042","Hombre","MIGUELHIDALGO","CMMV"
"234","CM0043","Hombre","BENITOJUAREZ","CMMV"
"235","CM0045","Hombre","ECATEPECEDO.DEM","CMMV"
"236","CM0047","Hombre","CUAHUTEMOC","CMMV"
"237","CM0051","Mujer","ECATEPEC","CMMV"
"238","CM0055","Mujer","CD.NEZAHUALCOYOTL","CMMV"
"239","CM0056","Mujer","AZCAPOTZALCO","CMMV"
"240","CM0057","Hombre","TLALPAN","CMMV"
"241","CM0061","Hombre","CUAUTITLAN","CMMV"
"242","CM0071","Hombre","AZCAPOTZALCO","CMMV"
"243","CM0075","Hombre","GUSTAVOA.MADERO","CMMV"
"244","CM0076","Hombre","AZCAPOTZALCO","CMMV"
"245","CM0077","Hombre","ECATEPEC","CMMV"
"246","CM0082","Hombre","NULL","CMMV"
"247","CM0083","Hombre","NAUCALPAN","CMMV"
"248","CM0086","Mujer","BENITOJUAREZ","CMMV"
"249","CM0087","Mujer","MIGUELHIDALGO","CMMV"
"250","CM0091","Hombre","MIGUELHIDALGO","CMMV"
"251","CM0092","Hombre","ATIZAPAN","CMMV"
"252","CM0099","Hombre","AZCAPOTZALCO","CMMV"
"253","CM0100","Hombre","CUAUHTEMOC","CMMV"
"254","CM0105","Mujer","TLALPAN","CMMV"
"255","CM0107","Mujer","CUAUHTEMOC","CMMV"
"256","CM0110","Hombre","BENITOJUAREZ","CMMV"
"257","CM0111","Hombre","COYOACAN","CMMV"
"258","CM0112","Hombre","GUSTAVOA.MADERO","CMMV"
"259","CM0116","Hombre","NAUCALPAN","CMMV"
"260","CM0120","Mujer","VENUSTIANOCARRANZA","CMMV"
"261","CM0123","Hombre","ALVAROOBREGON","CMMV"
"262","CM0126","Mujer","COYOACAN","CMMV"
"263","CM0133","Mujer","TLALPAN","CMMV"
"264","CM0142","Hombre","BENITOJUAREZ","CMMV"
"265","CM0145","Hombre","GUSTAVOA.MADERO","CMMV"
"266","CM0146","Hombre","TLALPAN","CMMV"
"267","CM0147","Mujer","IZTACALCO","CMMV"
"268","CM0148","Hombre","ALVAROOBREGON","CMMV"
"269","CM0153","Hombre","GUSTAVOA.MADERO","CMMV"
"270","CM0155","Mujer","TLALPAN","CMMV"
"271","CM0165","Mujer","TLAHUAC","CMMV"
"272","CM0166","Mujer","IZTALAPA","CMMV"
"273","CM0180","Hombre","BENITOJUAREZ","CMMV"
"274","CM0185","Mujer","IZTAPALAPA","CMMV"
"275","CM0186","Hombre","CUAJIMALPA","CMMV"
"276","CM0189","Hombre","ALVAROOBREGON","CMMV"
"277","CM0197","Mujer","NAUCALPAN","CMMV"
"278","CM0209","Hombre","CUAUHTEMOC","CMMV"
"279","CM0210","Mujer","GUSTAVOA.MADERO","CMMV"
"280","CM0211","Hombre","BENITOJUAREZ","CMMV"
"281","CM0213","Mujer","TLALNEPANTLA","CMMV"
"282","CM0215","Hombre","TOLUCA","CMMV"
"283","CM0221","Mujer","GUSTAVOA.MADERO","CMMV"
"284","CM0230","Mujer","MAGDALENACONTRERAS","CMMV"
"285","CM0236","Mujer","TLALPAN","CMMV"
"286","CM0239","Hombre","BENITOJUAREZ","CMMV"
"287","CM0240","Mujer","MIGUELHIDALGO","CMMV"
"288","CM0243","Mujer","GUSTAVOAMADERO","CMMV"
"289","CM0246","Mujer","NEZAHUALCOYOTL","CMMV"
"290","CM0247","Mujer","BENITOJUAREZ","CMMV"
"291","CM0248","Mujer","NAUCALPAN","CMMV"
"292","CM0257","Hombre","HUIXQUILUCAN","CMMV"
"293","CM0259","Hombre","TLALPAN","CMMV"
"294","CM0260","Hombre","COYOACAN","CMMV"
"295","CM0261","Hombre","IZTAPALAPA","CMMV"
"296","CM0263","Mujer","TLALNEPANTLADEBAZ","CMMV"
"297","CM0275","Mujer","TOLUCA","CMMV"
"298","CM0281","Mujer","CUAJIMALPA","CMMV"
"299","CM0289","Hombre","ECATEPEC","CMMV"
"300","CM0303","Mujer","AZCAPOTZALCO","CMMV"
"301","CM0308","Hombre","BENITOJUAREZ","CMMV"
"302","CM0313","Hombre","NULL","CMMV"
"303","CM0323","Hombre","TLALPAN","CMMV"
"304","CM0329","Mujer","NAUCALPAN","CMMV"
"305","CM0332","Hombre","TLANEPANTLA","CMMV"
"306","CM0340","Hombre","GUSTAVOAMADERO","CMMV"
"307","CM0346","Hombre","GUSTAVOA.MADERO","CMMV"
"308","CM0350","Hombre","ALVAROOBREGON","CMMV"
"309","CM0354","Hombre","MIGUELHIDALGO","CMMV"
"310","CM0355","Mujer","GUADALUPENUEVOLEON","CMMV"
"311","CM0356","Mujer","NAUCALPAN","CMMV"
"312","CM0358","Mujer","ECATEPECEDOMEX","CMMV"
"313","CM0368","Mujer","ALVAROOBREGON","CMMV"
"314","CM0371","Hombre","COACALCO","CMMV"
"315","CM0373","Mujer","CUAJIMALPA","CMMV"
"316","CM0383","Hombre","ALVAROOBREGON","CMMV"
"317","CM0397","Mujer","CUAUTITLANIZCALLI","CMMV"
"318","CM0404","Hombre","IZTACALCO","CMMV"
"319","CM0411","Mujer","COYOACAN","CMMV"
"320","CM0415","Hombre","HUIXQUILUCAN","CMMV"
"321","CM0420","Mujer","COYOACAN","CMMV"
"322","CM0422","Hombre","COACALCO","CMMV"
"323","CM0437","Mujer","CUAUHTEMOC","CMMV"
"324","CM0445","Hombre","BENITOJUAREZ","CMMV"
"325","CM0449","Hombre","ALVAROOBREGON","CMMV"
"326","CM0452","Mujer","AZCAPOTZALCO","CMMV"
"327","CM0454","Mujer","CUCUHTEMOC","CMMV"
"328","CM0455","Hombre","TLALPAN","CMMV"
"329","CM0457","Mujer","IZTAPALAPA","CMMV"
"330","CM0459","Mujer","CUAUTITLANIZCALLI","CMMV"
"331","CM0460","Mujer","GUSTAVOAMADERO","CMMV"
"332","CM0467","Mujer","GUSTAVOAMADERO","CMMV"
"333","CM0471","Hombre","IZCALLI","CMMV"
"334","CM0477","Hombre","NAUCALPANDEJUAREZ","CMMV"
"335","CM0478","Mujer","IZTAPALAPA","CMMV"
"336","CM0480","Mujer","TALNEPANTLA","CMMV"
"337","CM0484","Mujer","CUAUHTEMOC","CMMV"
"338","CM0490","Mujer","VENUSTIANOCARRANZA","CMMV"
"339","CM0499","Mujer","IZTAPALAPA","CMMV"
"340","CM0504","Mujer","ECATEPEC","CMMV"
"341","CM0505","Mujer","NAUCALPAN","CMMV"
"342","CM0510","Hombre","NEZAHUALCOYOTL","CMMV"
"343","CM0512","Mujer","DISTRITOFEDERAL","CMMV"
"344","CM0515","Mujer","TLALPAN","CMMV"
"345","CM0519","Mujer","MIGUELHIDALGO","CMMV"
"346","CM0523","Mujer","COYOACAN","CMMV"
"347","CM0527","Hombre","MIGUELHIDALGO","CMMV"
"348","CM0533","Mujer","MIGUELHIDALGO","CMMV"
"349","CM0539","Hombre","GUSTAVOAMADERO","CMMV"
"350","CM0544","Hombre","BENITOJUAREZ","CMMV"
"351","CM0545","Mujer","TLALNEPANTLA","CMMV"
"352","CM0546","Mujer","AZCAPOTZALCO","CMMV"
"353","CM0549","Mujer","GUSTAVOAMADERO","CMMV"
"354","CM0552","Mujer","IZTACALCO","CMMV"
"355","CM0555","Mujer","IZTAPALAPA","CMMV"
"356","CM0557","Mujer","GUSTAVOAMEDERO","CMMV"
"357","CM0559","Hombre","CUERNAVACA","CMMV"
"358","CM0560","Hombre","BENITOJUAREZ","CMMV"
"359","CM0567","Hombre","COYOACAN","CMMV"
"360","CM0570","Hombre","TLALNEPANTLA","CMMV"
"361","CM0573","Mujer","MIGUELHIDALGO","CMMV"
"362","CM0578","Hombre","ALVAROOBREGON","CMMV"
"363","CM0581","Hombre","ALVAROOBREGON","CMMV"
"364","CM0584","Hombre","AZCAPOTZALCO","CMMV"
"365","CM0588","Mujer","NULL","CMMV"
"366","CM0593","Mujer","TLAHUAC","CMMV"
"367","CM0594","Mujer","IZTACALCO","CMMV"
"368","CM0596","Mujer","BENITOJUAREZ","CMMV"
"369","CM0597","Mujer","GUSTAVOAMADERO","CMMV"
"370","CM0609","Mujer","VENUSTIANOCARRANZA","CMMV"
"371","CM0612","Mujer","XOCHIMILCO","CMMV"
"372","CM0614","Hombre","TLALPAN","CMMV"
"373","CM0616","Hombre","GUSTAVOAMADERO","CMMV"
"374","CM0617","Mujer","COYOACAN","CMMV"
"375","CM0621","Hombre","TLALNEPANTLA","CMMV"
"376","CM0623","Hombre","TLALPAN","CMMV"
"377","CM0626","Hombre","AZCAPOTZALCO","CMMV"
"378","CM0627","Mujer","BENITOJUAREZ","CMMV"
"379","CM0631","Hombre","COYOACAN","CMMV"
"380","CM0633","Mujer","COACALCO","CMMV"
"381","CM0648","Hombre","GUADALUPE","CMMV"
"382","CM0653","Mujer","TLALNEPANTLA","CMMV"
"383","CM0658","Mujer","AZCAPOTZALCO","CMMV"
"384","CM0666","Hombre","VENUSTIANOCARRANZA","CMMV"
"385","CM0676","Hombre","CAPULHUAC","CMMV"
"386","CM0677","Hombre","BENITOJUAREZ","CMMV"
"387","CM0683","Hombre","ECATEPEC","CMMV"
"388","CM0687","Hombre","ALVAROOBREGON","CMMV"
"389","CM0692","Hombre","BENITOJUAREZ","CMMV"
"390","CM0694","Hombre","MIGUELHIDALGO","CMMV"
"391","CM0695","Hombre","ECATEPEC","CMMV"
"392","CM0701","Hombre","VCARRANZA","CMMV"
"393","CM0709","Mujer","BENITOJUAREZ","CMMV"
"394","CM0711","Mujer","IZTAPALAPA","CMMV"
"395","CM0724","Hombre","NAUCALPAN","CMMV"
"396","CM0725","Hombre","COYOACAN","CMMV"
"397","CM0727","Hombre","VENUSTIANOCARRANZA","CMMV"
"398","CM0730","Mujer","COYOACAN","CMMV"
"399","CM0734","Mujer","XOCHIMILCO","CMMV"
"400","CM0735","Hombre","METEPEC,EDODEMEXICO","CMMV"
"401","CM0739","Mujer","ECATEPEC","CMMV"
"402","CM0744","Mujer","TLANEPANTLA","CMMV"
"403","CM0748","Hombre","ALVAROOBREGON","CMMV"
"404","CM0755","Hombre","TLALPAN","CMMV"
"405","CM0756","Hombre","GUSTAVOA.MADERO","CMMV"
"406","CM0765","Mujer","IZTAPALAPA","CMMV"
"407","CM0766","Hombre","TLALPAN","CMMV"
"408","CM0769","Hombre","COYOACAN","CMMV"
"409","CM0771","Hombre","HUIXQUILUCAN","CMMV"
"410","CM0774","Mujer","METEPEC","CMMV"
"411","CM0775","Mujer","GUSTAVOAMADERO","CMMV"
"412","CM0777","Hombre","NEZAHUALCOYOTL","CMMV"
"413","CM0779","Hombre","CUAUHTEMOC","CMMV"
"414","CM0781","Mujer","BENITOJUAREZ","CMMV"
"415","CM0785","Hombre","IXTAPALUCA","CMMV"
"416","CM0787","Hombre","TLALPAN","CMMV"
"417","CM0789","Hombre","GUSTAVOA.MADERO","CMMV"
"418","CM0790","Hombre","IZTAPALAPA","CMMV"
"419","CM0792","Mujer","IZTAPALAPA","CMMV"
"420","CM0799","Mujer","IXTAPALUCA","CMMV"
"421","CM0801","Hombre","MIGUELHIDALGO","CMMV"
"422","CM0802","Hombre","CUAUHTEMOC","CMMV"
"423","CM0803","Mujer","BENITOJUAREZ","CMMV"
"424","CM0811","Mujer","CIUDADNEZAHUALCOYOTL","CMMV"
"425","CM0812","Hombre","ATIZAPANDEZARAGOZA","CMMV"
"426","CM0817","Mujer","IZTAPALAPA","CMMV"
"427","CM0818","Mujer","ECATEPEC","CMMV"
"428","CM0819","Mujer","ALVAROOBREGON","CMMV"
"429","CM0829","Mujer","COYOACAN","CMMV"
"430","CM0830","Hombre","ECATEPEC","CMMV"
"431","CM0831","Mujer","COYOACAN","CMMV"
"432","CM0835","Mujer","TULYEHUALCO,XOCHIMILCO","CMMV"
"433","CM0841","Mujer","NEZAHUALCOYOTL","CMMV"
"434","CM0842","Mujer","ECATEPECDEMORELOS","CMMV"
"435","CM0844","Mujer","IZTAPALAPA","CMMV"
"436","CM0849","Mujer","GUSTAVOA.MADERO","CMMV"
"437","CM0851","Mujer","GUSTAVOA.MADERO","CMMV"
"438","CM0856","Hombre","CUERNAVACA","CMMV"
"439","CM0860","Mujer","XOCHIMILCO","CMMV"
"440","CM0866","Mujer","TULTITLAN","CMMV"
"441","CM0871","Mujer","TLALNEPANTLADEBAZ","CMMV"
"442","CM0874","Mujer","NEZAHUALCOYOTL","CMMV"
"443","CM0875","Hombre","TLALNEPANTLA","CMMV"
"444","CM0878","Hombre","IZTACALCO","CMMV"
"445","CM0879","Hombre","CUAJIMALPA","CMMV"
"446","CM0880","Hombre","CUAUHTEMOC","CMMV"
"447","CM0885","Hombre","IZTAPALAPA","CMMV"
"448","CM0886","Mujer","MIGUELHIDALGO","CMMV"
"449","CM0887","Mujer","IZTAPALAPA","CMMV"
"450","CM0888","Mujer","CUAUHTEMOC","CMMV"
"451","CM0892","Mujer","NAUCALPANDEJUAREZ","CMMV"
"452","CM0893","Mujer","MIGUELHIDALGO","CMMV"
"453","CM0897","Mujer","COYOACAN","CMMV"
"454","CM0900","Mujer","MIGUELHIDALGO","CMMV"
"455","CM0901","Mujer","COYOACAN","CMMV"
"456","CM0903","Hombre","TLALPAN","CMMV"
"457","CM0904","Hombre","IZTAPALAPA","CMMV"
"458","CM0906","Hombre","CUAUHTEMOC","CMMV"
"459","CM0907","Hombre","GUSTAVOA.MADERO","CMMV"
"460","CM0913","Mujer","CUAUTITLANIZCALLI","CMMV"
"461","CM0914","Hombre","ECATEPEC","CMMV"
"462","CM0918","Mujer","CUAUTITLANIZCALLI","CMMV"
"463","CM0921","Mujer","VENUSTIANOCARRANZA","CMMV"
"464","CM0922","Hombre","BENITOJUAREZ","CMMV"
"465","CM0923","Mujer","TLALPAN","CMMV"
"466","CM0928","Hombre","COYOACAN","CMMV"
"467","CM0930","Hombre","CUAUHTEMOC","CMMV"
"468","CM0933","Mujer","VENUSTIANOCARRANZA","CMMV"
"469","CM0934","Hombre","MILPAALTA","CMMV"
"470","CM0936","Mujer","MIGUELHIDALGO","CMMV"
"471","CM0940","Hombre","MIGUELHIDALGO","CMMV"
"472","CM0941","Hombre","TLALPAN","CMMV"
"473","CM0943","Hombre","AZCAPOTZALCO","CMMV"
"474","CM0944","Hombre","IZTACALCO","CMMV"
"475","CM0945","Hombre","COYOACAN","CMMV"
"476","CM0946","Hombre","TLALNEPANTLADEBAZ","CMMV"
"477","CM0948","Hombre","TEXCOCO","CMMV"
"478","CM0951","Mujer","TLALMANALCO","CMMV"
"479","CM0952","Hombre","ALVAROOBREGON","CMMV"
"480","CM0953","Hombre","ALVAROOBREGON","CMMV"
"481","CM0957","Hombre","BENITOJUAREZ","CMMV"
"482","CM0958","Mujer","TECAMAC","CMMV"
"483","CM0960","Mujer","COYOACAN","CMMV"
"484","CM0961","Mujer","VENUSTIANOCARRANZA","CMMV"
"485","CM0962","Mujer","NAUCALPAN","CMMV"
"486","CM0964","Mujer","BENITOJUAREZ","CMMV"
"487","CM0965","Mujer","TLALNEPANTLADEBAZ","CMMV"
"488","CM0966","Mujer","NULL","CMMV"
"489","CM0967","Hombre","NAUCALPANDEJUAREZ","CMMV"
"490","CM0969","Mujer","BENITOJUAREZ","CMMV"
"491","CM0970","Mujer","ALVAROOBREGON","CMMV"
"492","CM0971","Hombre","IZTAPALAPA","CMMV"
"493","CM0973","Mujer","XOCHIMILCO","CMMV"
"494","CM0974","Hombre","ALVAROOBREGON","CMMV"
"495","CM0976","Mujer","GUSTAVOAMADERO","CMMV"
"496","CM0980","Hombre","IXTAPALUCA","CMMV"
"497","CM0981","Mujer","BENITOJUAREZ","CMMV"
"498","CM0983","Mujer","IZTAPALAPA","CMMV"
"499","CM0988","Hombre","NEZAHUALCOYOTL","CMMV"
"500","CM0989","Hombre","COYOACAN","CMMV"
"501","CM0990","Hombre","XOCHIMILCO","CMMV"
"502","CM0994","Hombre","GUSTAVOA.MADERO","CMMV"
"503","CM0996","Hombre","COYOACAN","CMMV"
"504","CM0997","Mujer","ECATEPEC","CMMV"
"505","CM0998","Mujer","NAUCALPAN","CMMV"
"506","CM1004","Hombre","GUSTAVOA.MADERO","CMMV"
"507","CM1005","Hombre","BENITOJUAREZ","CMMV"
"508","CM1006","Mujer","TLALNEPANTLA","CMMV"
"509","CM1007","Hombre","CUAUHTEMOC","CMMV"
"510","CM1008","Mujer","MIGUELHIDALGO","CMMV"
"511","CM1011","Hombre","XOCHIMILCO","CMMV"
"512","CM1014","Mujer","IZTACALCO","CMMV"
"513","CM1015","Mujer","CHIMALHUACAN","CMMV"
"514","CM1016","Mujer","GUSTAVOA.MADERO","CMMV"
"515","CM1017","Mujer","BENITOJUAREZ","CMMV"
"516","CM1018","Mujer","TLALPAN","CMMV"
"517","CM1019","Hombre","IZTAPALAPA","CMMV"
"518","CM1021","Mujer","GUSTAVOA.MADERO","CMMV"
"519","CM1023","Hombre","AZCAPOTZALCO","CMMV"
"520","CM1024","Mujer","ALVAROOBREGON","CMMV"
"521","CM1025","Hombre","TLALNEPANTLA","CMMV"
"522","CM1028","Mujer","ECATEPECDEMORELOS","CMMV"
"523","CM1029","Hombre","CUAUTITLANIZCALLI","CMMV"
"524","CM1031","Mujer","COYOACAN","CMMV"
"525","CM1032","Hombre","COYOACAN","CMMV"
"526","CM1033","Mujer","MIGUELHIDALGO","CMMV"
"527","CM1034","Hombre","TEXCOCO","CMMV"
"528","CM1035","Mujer","VENUSTIANOCARRANZA","CMMV"
"529","CM1037","Hombre","NAUCALPANDEJUAREZ","CMMV"
"530","CM1038","Mujer","IXTAPALUCA","CMMV"
"531","CM1039","Hombre","MIGUELHIDALGO","CMMV"
"532","CM1041","Mujer","BENITOJUAREZ","CMMV"
"533","CM1042","Hombre","PUEBLA","CMMV"
"534","CM1043","Hombre","COYOACAN","CMMV"
"535","CM1044","Hombre","VENUSTIANOCARRANZA","CMMV"
"536","CM1045","Mujer","IZTAPALAPA","CMMV"
"537","CM1046","Hombre","BENITOJUAREZ","CMMV"
"538","CM1047","Hombre","IZTAPALAPA","CMMV"
"539","CM1048","Hombre","CUAJIMALPA","CMMV"
"540","CM1049","Mujer","BENITOJUAREZ","CMMV"
"541","CM1050","Mujer","BENITOJUAREZ","CMMV"
"542","CM1053","Mujer","CUAUHTEMOC","CMMV"
"543","CM1054","Mujer","PUEBLA","CMMV"
"544","CM1055","Hombre","CUAUHTEMOC","CMMV"
"545","CM1056","Hombre","TLALPAN","CMMV"
"546","CM1057","Mujer","BENITOJUAREZ","CMMV"
"547","CM1058","Hombre","METEPEC","CMMV"
"548","CM1059","Mujer","BENITOJUAREZ","CMMV"
"549","CM1060","Hombre","IZTAPALAPA","CMMV"
"550","CM1062","Mujer","IZTAPALAPA","CMMV"
"551","CM1065","Mujer","VENUSTIANOCARRANZA","CMMV"
"552","CM1066","Mujer","TLALNEPANTLADEBAZ","CMMV"
"553","CM1069","Mujer","TLALPAN","CMMV"
"554","CM1070","Hombre","ALVAROOBGREGON","CMMV"
"555","CM1071","Mujer","CUAUTITLANIZCALLI","CMMV"
"556","CM1072","Mujer","CUAHUTMEMOC","CMMV"
"557","CM1073","Mujer","TLALPAN","CMMV"
"558","CM1074","Hombre","COYOACAN","CMMV"
"559","CM1075","Hombre","HUIXQUILUCAN","CMMV"
"560","CM1076","Hombre","GUSTAVOAMADERO","CMMV"
"561","CM1078","Mujer","MIGUELHIDALGO","CMMV"
"562","CM1079","Hombre","COYOACAN","CMMV"
"563","CM1081","Mujer","CUAUHTEMOC","CMMV"
"564","CM1082","Mujer","ACOLMAN","CMMV"
"565","CM1083","Mujer","NUEVOLEON","CMMV"
"566","CM1084","Mujer","COYOACAN","CMMV"
"567","CM1085","Hombre","COYOACAN","CMMV"
"568","CM1086","Hombre","ECATEPEC","CMMV"
"569","CM1087","Mujer","AZCAPOTZALCO","CMMV"
"570","CM1088","Mujer","TECAMAC","CMMV"
"571","CM1090","Hombre","TLALPAN","CMMV"
"572","CM1091","Hombre","NEZAHUALCOYOTL","CMMV"
"573","CM1092","Mujer","IZTACALCO","CMMV"
"574","CM1095","Hombre","ALVAROOBREGON","CMMV"
"575","CM1097","Hombre","AZCAPOTZALCO","CMMV"
"576","CM1098","Mujer","BENITOJUAREZ","CMMV"
"577","CM1099","Hombre","MIGUELHIDALGO","CMMV"
"578","CM1101","Hombre","MIGUELHIDALGO","CMMV"
"579","CM1102","Hombre","TEXCOCO","CMMV"
"580","CM1103","Mujer","MIGUELHIDALGO","CMMV"
"581","CM1104","Mujer","CUAUHTEMOC","CMMV"
"582","CM1105","Mujer","MIGUELHIDALGO","CMMV"
"583","CM1106","Hombre","IZTAPALAPA","CMMV"
"584","CM1107","Mujer","TOLUCA","CMMV"
"585","CM1108","Mujer","CUAUHTEMOC","CMMV"
"586","CM1109","Mujer","BENITOJUAREZ","CMMV"
"587","CM1110","Hombre","ECATEPEC","CMMV"
"588","CM1111","Mujer","GUSTAVOA.MADERO","CMMV"
"589","CM1112","Mujer","ECATEPEC","CMMV"
"590","CM1113","Hombre","COYOACAN","CMMV"
"591","CM1114","Mujer","NEZAHUALCOYOTL","CMMV"
"592","CM1115","Hombre","VENUSTIANOCARRANZA","CMMV"
"593","CM1116","Hombre","ECATEPEC","CMMV"
"594","CM1117","Hombre","GUSTAVOAMADERO","CMMV"
"595","CM1118","Hombre","COACALCO","CMMV"
"596","CM1119","Mujer","CUAUHTEMOC","CMMV"
"597","CM1120","Hombre","NEZAHUALCOYOTL","CMMV"
"598","CM1121","Hombre","IXTAPALUCA","CMMV"
"599","CM1122","Hombre","CUAJIMALPA","CMMV"
"600","CM1123","Hombre","ALVAROOBREGON","CMMV"
"601","CM1124","Hombre","ALVAROOBREGON","CMMV"
"602","CM1125","Mujer","NAUCALPANDEJUAREZ","CMMV"
"603","SP0003","Hombre","NULL","SIF"
"604","SP0004","Hombre","MEXICO","SIF"
"605","SP0005","Hombre","COACALCO","SIF"
"606","SP0007","Hombre","AZCAPOTZALCO","SIF"
"607","SP0008","Hombre","TLALPAN","SIF"
"608","SP0010","Hombre","MEXICO","SIF"
"609","SP0011","Hombre","NULL","SIF"
"610","SP0012","Hombre","NAUCALPAN","SIF"
"611","SP0014","Hombre","MEXICO","SIF"
"612","SP0015","Hombre","TLALPAN","SIF"
"613","SP0018","Mujer","ALVAROOBREGON","SIF"
"614","SP0019","Hombre","ECATEPEC","SIF"
"615","SP0020","Hombre","IZTAPALAPA","SIF"
"616","SP0023","Mujer","MEXICO","SIF"
"617","SP0025","Hombre","MEXICO","SIF"
"618","SP0026","Hombre","MEXICO","SIF"
"619","SP0027","Mujer","NEZAHUALCOYOTL","SIF"
"620","SP0029","Hombre","XOCHIMILCO","SIF"
"621","SP0030","Hombre","TLALPAN","SIF"
"622","SP0031","Mujer","CUAJIMALPA","SIF"
"623","SP0032","Hombre","TLALPAN","SIF"
"624","SP0037","Mujer","COYOACAN","SIF"
"625","SP0040","Hombre","MEXICO","SIF"
"626","SP0041","Mujer","MEXICO","SIF"
"627","SP0046","Mujer","MEXICO","SIF"
"628","SP0047","Hombre","MEXICO","SIF"
"629","SP0051","Mujer","COYOACAN","SIF"
"630","SP0054","Hombre","IZTAPALAPA","SIF"
"631","SP0056","Hombre","MIGUELHIDALGO","SIF"
"632","SP0057","Mujer","MIGUELHIDALGO","SIF"
"633","SP0058","Mujer","HUIXQUILUCAN","SIF"
"634","SP0059","Hombre","ALVAROOBREGON","SIF"
"635","SP0060","Hombre","CUAJIMALPA","SIF"
"636","SP0061","Hombre","NAUCALPAN","SIF"
"637","SP0063","Mujer","CUAUHTEMOC","SIF"
"638","SP0066","Mujer","CUAUHTEMOC","SIF"
"639","SP0069","Mujer","TLALPAN","SIF"
"640","SP0070","Hombre","NULL","SIF"
"641","SP0072","Mujer","TLALNEPANTLA","SIF"
"642","SP0073","Hombre","TLALPAN","SIF"
"643","SP0074","Mujer","MIGUELHIDALGO","SIF"
"644","SP0076","Hombre","BENITOJUAREZ","SIF"
"645","SP0077","Hombre","ATIZAPANDEZARAGOZA","SIF"
"646","SP0079","Mujer","XOCHIMILCO","SIF"
"647","SP0080","Hombre","HUIXQUILUCAN","SIF"
"648","SP0081","Mujer","MIGUELHIDALGO","SIF"
"649","SP0082","Mujer","MIGUELHIDALGO","SIF"
"650","SP0083","Hombre","HUIXQUILUCAN","SIF"
"651","SP0084","Hombre","MIGUELHIDALGO","SIF"
"652","SP0085","Hombre","CUAUHTEMOC","SIF"
"653","SP0086","Hombre","GUSTAVOA.MADERO","SIF"
"654","SP0088","Hombre","NAUCALPAN","SIF"
"655","SP0089","Hombre","TOLUCADELERDO","SIF"
"656","SP0090","Hombre","COYOACAN","SIF"
